Images Database,Hash MD5,Hash Sha1,Hash Sha256
Imagem Original,675d710a331c22091307964bc074daf8,06ca0dd346e0fc6f3730b2ece7246f3a9218ce6c,4f412bb7ee4078a402fe3c3904376375f1a6311377a2ac2445a3bdaca5a60b3f
Alternative (1),83c4f518c0c785936892b20226a57caf,cf743cdd66ac2299232375cc949c34631a4f08b9,558ee9100bcc7cbf755d46f18f0c6b6159bc3199e69b634702bc3b8b91293239
Alternative (2),3e91b66e400324c267c458341ea99cdf,783d4f5889ce60d6aa815ef98ebd75fff7d85c05,6832e6d9972c812633249e5c1b135864309e4b7fdf227d85d600ac095e1e04ee
Alternative (3),9f5469b8bb4534e4424cacf2fe26a934,004dc2d7187717c5ee07d32e929eb25e6759422d,8848e931892e4f09ab3073ee3e7d64b36fd842ea2f5f5abb6ce2493d7ac974f3
Alternative (4),00b83141b9b87b9d3cd57b59ce85edf4,8e30789fd0026ccf23c67ec7e982f476752372f6,433aaf9e5374618b3f31f55b65182eb18804c6bc7af55e268c2d49874dde08a9
Alternative (5),c9e17a50b325af38b3cf9e9a109e52d6,af02e8977041f536dfe3e235a0cdd9d7f0f806f0,cc6b51597bc9a22ea4aae2ffae1cf7ba51791a4e32b18a93360b30a094ae56e1
Alternative (6),1a7fd642824a7ba326c59de397934f50,483f8b6dde283831791ad719e2cc53d473b662a7,5e0cace8927bc93e6a90bc0a8d544bc57e10ec9e7fdbad99090f854791c55566
Alternative (7),4ba7b677e2dbc0caeffb9ff1f3dfde50,9f86395b79752575974c6eacc27e11aa791ae66e,76a260eda89735644dd0a57feaaecd214f1795f6e33bce18ce4dd805b614ec6d
Alternative (8),b6695f0bbcabd53212cbad39abcc462b,0aeb4c668177da3c8978935b69c150d03be3076c,f70c87dc78ebfec9fa47ceb99d085d103da7542b1ac96ad06755fc9fdefdbfcf
Alternative (9),41c798938e72700527d9d9a073b8af48,597351cb04fecbacba2567a4abf84ae82aed51af,2d8c170a6b5eceb55f1fded124a69d4252da3e7a7fa0eadc111d82719a86e43c
Alternative (10),07e1a434fc758e1cc31a7b355afa71b2,e50b1c0203b935948e06768c7350c311e3b93b24,00b640daf352d0496f02be91e8f0e2ee2e2be543c026c9d306159f6da1f8cf84
Alternative (11),59bbe5e8cfb91e97a6eb8ab86920dd7b,fd97f90554778993220cfae38921e8fcf09a0717,7d6f49968cfbe4a9909ba9d7a50b1ec9a2fe752d6b5d71381e509bfcd98b490e
Alternative (12),f5399670df1924933a674b7db17547dd,2a0ccfc0018b5fc6ef4d59b2b2572c62ddac4385,43ab023910913fa15f3995399b4130235ccad220a6684468f4d1483799464954
Alternative (13),5967f12a3041a3e472bf83249c0bbe41,4c4cb1d3ae01b35ce5f0c93d5499252b92df34b1,e3cc06ec914de6f7bd5c8316be662cf6cf6020b30848a528536107c1498b0f13
Alternative (14),be560fb39acbea10814bf00cba190e5e,63007c46824521f5fc78740797b6f52266f1b3bb,f6dd8320db2f2463337d1f90fa60156fcdbf4200d3b060513fe34b98e81ea4ab
Alternative (15),c39c24a41d1e44183e545b8c6bc75950,0458f02b050e90ae526887328026b8b6addced46,d628f0cbd8c8858d0b1ce393489eb352e645c23ada2b696c445a0a3d42251962
Alternative (16),43eddb8c32c35ffc60264914602101db,a823e59e0bacaf392d7396534c81b1dc47e1bf45,4abe8eb1ac9baa806a63509869750aef97b0b44c3bc8b816fbdbf6465bcd62f3
Alternative (17),b6315871e72caa1e637d76c27d29f0ae,ac9433317eeea07f8a40e9a3975ee806d640a247,5a20b12528d0e688525eeb2f3fc294f0fdcab8b386c244e7b5d73fa24b4569b5
Alternative (18),861c217294bd410fbcf2339971240d86,e35112ff9fa3a46fbe6833a459bb314e4e97126d,e44af0db6640449ee1403194ade0e4c0f0d47d5fa79f9627a49f6e978f20f802
Alternative (19),be54c4f3b8ebdfade00a24945052a8ab,f1a231d6f7d90107cfc518e9157bb108c64ee184,05819209f8f44509a15fb57c50b13f1fd70936c4da8d1caf2674861c9c191117
Alternative (20),a2e7be78c569ca49f44571412df67ea5,08b4d6ac3496ccab68d2252e0e5618e400822a56,b6017b66dfcc2694ba0cd7a741266634aa9e6713660fbdba397df834409decd3
Alternative (21),695a9083f7863fff4613c828699caf0b,23307ab7dd79ad32698b84da1dc13b146d3583bb,7ced9431d9b7cde95dbf159f864e5286848f5a64518b624d29db3005b03d3082
Alternative (22),312e70ad2c2e444154a537f0a787b5e7,dd2e3a99b44d58dd11d27a1a5c5762f898e123ba,9cc57f099267a575669edcd968e8fa06294eb19a49bc5fa34c399ff3066e9a0a
Alternative (23),e199098c7686c726530cf8b9899e006c,8ea9e0c1e83c3b8706695cde470995e1c2d31a37,fabb189b1d4a51d2179efffa74cf84984fd0403e543224baf411c5a5762c3424
Alternative (24),c12dedd7b2c47d30080658918b930c61,d08a94f57724d41af3aa6fcda354aaa13e9c5c55,75e179a6ac554383ae20ae43ebc19125ad3876ad73f4a96c7b7211be1df975ca
Alternative (25),e8fc3d05c638498c0a0c3df995d9855a,3b677f9b80a5a1210b8f37766f142e837013192f,b71ea2b74b6953c638018fa3e62d3391d3d671ae7f676eaa2a7cefe9a2bd2490
Alternative (26),3ed4d87da03efa74fe0e391b265a7b3d,83f23d2381259e29440516237854f1e3dc8c9a5b,315df15475219b67fb93e3cc0b7991ab97fe165a96d0b60b2498c7ca6998488a
Alternative (27),5d6d3bdf5bedfd7eb4e1864a665f8e57,2e1cc2c0c91506e714b3195b4dea0b3c4e665093,34966162b84e4568cf43dc92663d61b0030ad12241a9f5ae429ae8f8840e6e98
Alternative (28),e96cc93e3f3d9693297493ac54cc4b72,67ab1b117a4426f8707430aa1f0576ded6adda3c,522f093a2ba4317a75cf8f073d364d224831896f4866b6d5af35a96f19682812
Alternative (29),71faeeb5bab536d829e49e0d272f86e4,5fdf486e814d435fdc0b491db54f547df1700b68,ff2c71dabecd8c1047d7af70b8debfa2c133ccdc337fe85027c14f2d1e719aec
Alternative (30),464ce339982fbd50abdc243695d250ab,61775d3270673ccaeaac93c9ce2f94a97f862aab,fe78922140d4f3edbb82cb8cedfd2e3bd8d42b634ac8ff4b6b6452ef74ad64e0
